[
  {
    "_id": "68f5a165f6b29ecc7763dec5",
    "caseNumber": "212112",
    "year": 2029,
    "caseType": "جنح",
    "jurisdiction": "المحكمة",
    "clientName": "احمد",
    "opponentName": "محمد",
    "previousSession": "2025-09-29T21:00:00.000Z",
    "currentSession": "2025-10-03T21:00:00.000Z",
    "postponedTo": "2025-10-30T22:00:00.000Z",
    "sessionDate": "2025-10-21T21:00:00.000Z",
    "decision": "حكم حضوري",
    "request": "صفة\r\nإضافي, جمعيإضافي, جمعي\r\n",
    "notes": "صفة\r\nadditional\r\nإضافي, جمعي",
    "admin": "محمد احدمد",
    "fees": {
      "paid": 0,
      "remaining": 0
    },
    "createdBy": "68f45af107a9000ccbc96a20",
    "lawyer": "68f45af107a9000ccbc96a20",
    "approvalStatus": "approved",
    "expenses": 20023,
    "images": [],
    "createdAt": "2025-10-20T02:41:41.977Z",
    "updatedAt": "2025-10-20T02:41:41.977Z",
    "__v": 0
  },
  {
    "_id": "68f5a89249231d258372dc97",
    "caseNumber": "2393933933",
    "year": 2019,
    "caseType": "استئناف عالي أسرة",
    "jurisdiction": "المحكمة",
    "clientName": "محمود يوسف",
    "opponentName": "م/ عبدالرحمن احمد",
    "previousSession": "2025-10-26T21:00:00.000Z",
    "currentSession": "2025-10-25T21:00:00.000Z",
    "postponedTo": "2025-10-27T21:00:00.000Z",
    "sessionDate": "2025-10-25T21:00:00.000Z",
    "decision": "رفض الدعوى",
    "request": "قضية الفنانة وفاء عامر هي شائعات انتشرت عبر منصات التواصل الاجتماعي تزعم تورطها في قضية الاتجار بالأعضاء البشرية، مرتبطة بوفاة لاعب كرة القدم إبراهيم شيكا. نفت كل من الفنانة وفاء عامر، ونقابة المهن التمثيلية، ومحاميها صحة هذه المزاعم، مؤكدين أن الشائعات تستهدف تشويه سمعتها وأنها ملتزمة بالتحقيقات القانونية. \r\n",
    "notes": "قضية الفنانة وفاء عامر هي شائعات انتشرت عبر منصات التواصل الاجتماعي تزعم تورطها في قضية الاتجار بالأعضاء البشرية، مرتبطة بوفاة لاعب كرة القدم إبراهيم شيكا. نفت كل من الفنانة وفاء عامر، ونقابة المهن التمثيلية، ومحاميها صحة هذه المزاعم، مؤكدين أن الشائعات تستهدف تشويه سمعتها وأنها ملتزمة بالتحقيقات القانونية. \r\n",
    "admin": "",
    "fees": {
      "paid": 0,
      "remaining": 0
    },
    "createdBy": "68f45af107a9000ccbc96a20",
    "lawyer": "68f45af107a9000ccbc96a20",
    "approvalStatus": "approved",
    "expenses": 300,
    "images": [
      {
        "url": "https://res.cloudinary.com/dy6zpyc6w/image/upload/v1760929937/law-cases/w1gqmvjyyhafvjhdsstp.png",
        "public_id": "law-cases/w1gqmvjyyhafvjhdsstp",
        "_id": "68f5a89249231d258372dc98"
      }
    ],
    "createdAt": "2025-10-20T03:12:18.642Z",
    "updatedAt": "2025-10-20T03:12:18.642Z",
    "__v": 0
  },
  {
    "_id": "68f5a8c949231d258372dc9b",
    "caseNumber": "2393933933",
    "year": 2030,
    "caseType": "جنح س",
    "jurisdiction": "المحكمة",
    "clientName": "محمود يوسف",
    "opponentName": "محمد يوصف",
    "previousSession": "2025-10-12T21:00:00.000Z",
    "currentSession": "2025-10-18T21:00:00.000Z",
    "postponedTo": "2025-10-23T21:00:00.000Z",
    "sessionDate": "2025-10-18T21:00:00.000Z",
    "decision": "قبول الدعوى",
    "request": "قضية الفنانة وفاء عامر هي شائعات انتشرت عبر منصات التواصل الاجتماعي تزعم تورطها في قضية الاتجار بالأعضاء البشرية، مرتبطة بوفاة لاعب كرة القدم إبراهيم شيكا. نفت كل من الفنانة وفاء عامر، ونقابة المهن التمثيلية، ومحاميها صحة هذه المزاعم، مؤكدين أن الشائعات تستهدف تشويه سمعتها وأنها ملتزمة بالتحقيقات القانونية. \r\n",
    "notes": "قضية الفنانة وفاء عامر هي شائعات انتشرت عبر منصات التواصل الاجتماعي تزعم تورطها في قضية الاتجار بالأعضاء البشرية، مرتبطة بوفاة لاعب كرة القدم إبراهيم شيكا. نفت كل من الفنانة وفاء عامر، ونقابة المهن التمثيلية، ومحاميها صحة هذه المزاعم، مؤكدين أن الشائعات تستهدف تشويه سمعتها وأنها ملتزمة بالتحقيقات القانونية. \r\n",
    "admin": "عمر اشرف",
    "fees": {
      "paid": 0,
      "remaining": 0
    },
    "createdBy": "68f45af107a9000ccbc96a20",
    "lawyer": "68f45af107a9000ccbc96a20",
    "approvalStatus": "approved",
    "expenses": 199.77,
    "images": [],
    "createdAt": "2025-10-20T03:13:13.159Z",
    "updatedAt": "2025-10-20T03:13:13.159Z",
    "__v": 0
  },
  {
    "_id": "68f5a91049231d258372dc9e",
    "caseNumber": "212112",
    "year": 2012,
    "caseType": "جنح س",
    "jurisdiction": "النيابة",
    "clientName": "احمد شعبان جادلله",
    "opponentName": "م/ عبدالرحمن احمد",
    "previousSession": "2025-10-20T21:00:00.000Z",
    "currentSession": "2025-10-21T21:00:00.000Z",
    "postponedTo": "2025-10-21T21:00:00.000Z",
    "sessionDate": "2025-10-17T21:00:00.000Z",
    "decision": "سحب الدعوى",
    "request": "قضية الفنانة وفاء عامر هي شائعات انتشرت عبر منصات التواصل الاجتماعي تزعم تورطها في قضية الاتجار بالأعضاء البشرية، مرتبطة بوفاة لاعب كرة القدم إبراهيم شيكا. نفت كل من الفنانة وفاء عامر، ونقابة المهن التمثيلية، ومحاميها صحة هذه المزاعم، مؤكدين أن الشائعات تستهدف تشويه سمعتها وأنها ملتزمة بالتحقيقات القانونية. \r\n",
    "notes": "قضية الفنانة وفاء عامر هي شائعات انتشرت عبر منصات التواصل الاجتماعي تزعم تورطها في قضية الاتجار بالأعضاء البشرية، مرتبطة بوفاة لاعب كرة القدم إبراهيم شيكا. نفت كل من الفنانة وفاء عامر، ونقابة المهن التمثيلية، ومحاميها صحة هذه المزاعم، مؤكدين أن الشائعات تستهدف تشويه سمعتها وأنها ملتزمة بالتحقيقات القانونية. \r\n",
    "admin": "احمد محمود ",
    "fees": {
      "paid": 0,
      "remaining": 0
    },
    "createdBy": "68f45af107a9000ccbc96a20",
    "lawyer": "68f45af107a9000ccbc96a20",
    "approvalStatus": "approved",
    "expenses": 4999,
    "images": [],
    "createdAt": "2025-10-20T03:14:24.940Z",
    "updatedAt": "2025-10-20T03:14:24.940Z",
    "__v": 0
  },
  {
    "_id": "68f5a96949231d258372dca1",
    "caseNumber": "927373121651212",
    "year": 2027,
    "caseType": "جنح س",
    "jurisdiction": "النيابة",
    "clientName": "محمود يوسف",
    "opponentName": "محمد عبدالرحيم",
    "previousSession": "2025-10-21T21:00:00.000Z",
    "currentSession": "2025-10-21T21:00:00.000Z",
    "postponedTo": "2025-10-21T21:00:00.000Z",
    "sessionDate": "2025-10-25T21:00:00.000Z",
    "decision": "حكم غيابي",
    "request": "قضية الفنانة وفاء عامر هي شائعات انتشرت عبر منصات التواصل الاجتماعي تزعم تورطها في قضية الاتجار بالأعضاء البشرية، مرتبطة بوفاة لاعب كرة القدم إبراهيم شيكا. نفت كل من الفنانة وفاء عامر، ونقابة المهن التمثيلية، ومحاميها صحة هذه المزاعم، مؤكدين أن الشائعات تستهدف تشويه سمعتها وأنها ملتزمة بالتحقيقات القانونية. \r\n",
    "notes": "قضية الفنانة وفاء عامر هي شائعات انتشرت عبر منصات التواصل الاجتماعي تزعم تورطها في قضية الاتجار بالأعضاء البشرية، مرتبطة بوفاة لاعب كرة القدم إبراهيم شيكا. نفت كل من الفنانة وفاء عامر، ونقابة المهن التمثيلية، ومحاميها صحة هذه المزاعم، مؤكدين أن الشائعات تستهدف تشويه سمعتها وأنها ملتزمة بالتحقيقات القانونية. \r\n",
    "admin": "محمد محسن",
    "fees": {
      "paid": 0,
      "remaining": 0
    },
    "createdBy": "68f45af107a9000ccbc96a20",
    "lawyer": "68f45af107a9000ccbc96a20",
    "approvalStatus": "approved",
    "expenses": 5985,
    "images": [],
    "createdAt": "2025-10-20T03:15:53.344Z",
    "updatedAt": "2025-10-20T03:15:53.344Z",
    "__v": 0
  },
  {
    "_id": "68f60ac612cebf28d5eba6be",
    "caseNumber": "304828332",
    "year": 2019,
    "caseType": "أعمال إدارية",
    "jurisdiction": "المحكمة",
    "clientName": "محمود يوسف",
    "opponentName": "شاهين الشاذلي ",
    "previousSession": "2025-10-13T21:00:00.000Z",
    "currentSession": "2025-10-27T21:00:00.000Z",
    "postponedTo": "2025-10-26T21:00:00.000Z",
    "sessionDate": "2025-10-30T22:00:00.000Z",
    "decision": "وقف المحاكمة",
    "request": "شرق أوسط · ترامب: وقف إطلاق النار في غزة ما زال قائما · إسرائيل.. إصابات خلال احتجاجات \"الحريديم\" بشأن التجنيد · الضوء الأخضر الأميركي لعزل حماس.. غزة بين ...",
    "notes": "شرق أوسط · ترامب: وقف إطلاق النار في غزة ما زال قائما · إسرائيل.. إصابات خلال احتجاجات \"الحريديم\" بشأن التجنيد · الضوء الأخضر الأميركي لعزل حماس.. غزة بين ...شرق أوسط · ترامب: وقف إطلاق النار في غزة ما زال قائما · إسرائيل.. إصابات خلال احتجاجات \"الحريديم\" بشأن التجنيد · الضوء الأخضر الأميركي لعزل حماس.. غزة بين ...شرق أوسط · ترامب: وقف إطلاق النار في غزة ما زال قائما · إسرائيل.. إصابات خلال احتجاجات \"الحريديم\" بشأن التجنيد · الضوء ",
    "admin": "عمر اشرف",
    "fees": {
      "paid": 0,
      "remaining": 0
    },
    "createdBy": "68f32d90f02cdf732171f6c7",
    "lawyer": "68f32d90f02cdf732171f6c7",
    "approvalStatus": "approved",
    "expenses": 3000,
    "images": [
      {
        "url": "https://res.cloudinary.com/dy6zpyc6w/image/upload/v1760955073/law-cases/riw58qiajidqwoatscto.png",
        "public_id": "law-cases/riw58qiajidqwoatscto",
        "_id": "68f60ac612cebf28d5eba6bf"
      },
      {
        "url": "https://res.cloudinary.com/dy6zpyc6w/image/upload/v1760955078/law-cases/b26i1cpkyymw1bz6mino.png",
        "public_id": "law-cases/b26i1cpkyymw1bz6mino",
        "_id": "68f60ac612cebf28d5eba6c0"
      },
      {
        "url": "https://res.cloudinary.com/dy6zpyc6w/image/upload/v1760955077/law-cases/nqqxjrzrehsb3niqsnyu.png",
        "public_id": "law-cases/nqqxjrzrehsb3niqsnyu",
        "_id": "68f60ac612cebf28d5eba6c1"
      }
    ],
    "createdAt": "2025-10-20T10:11:18.468Z",
    "updatedAt": "2025-10-20T10:11:18.468Z",
    "__v": 0
  },
  {
    "_id": "68f6104412cebf28d5eba777",
    "caseNumber": "74783223",
    "year": 2022,
    "caseType": "أسرة كلي",
    "jurisdiction": "النيابة",
    "clientName": "محمود يوسف",
    "opponentName": "م/ عبدالرحمن احمد",
    "previousSession": "2025-10-14T21:00:00.000Z",
    "currentSession": "2025-09-27T21:00:00.000Z",
    "postponedTo": "2025-09-28T21:00:00.000Z",
    "sessionDate": "2025-10-11T21:00:00.000Z",
    "decision": "قبول الدعوى",
    "request": "خدمة ترجمة مجانية مقدَّمة من Google حيث يمكن ترجمة الكلمات والعبارات وصفحات الويب بشكل فوري بين اللغة الإنجليزية وأكثر من 100 لغة أخرى.",
    "notes": "خدمة ترجمة مجانية مقدَّمة من Google حيث يمكن ترجمة الكلمات والعبارات وصفحات الويب بشكل فوري بين اللغة الإنجليزية وأكثر من 100 لغة أخرى.خدمة ترجمة مجانية مقدَّمة من Google حيث يمكن ترجمة الكلمات والعبارات وصفحات الويب بشكل فوري بين اللغة الإنجليزية وأكثر من 100 لغة أخرى.",
    "admin": "محمد احدمد",
    "fees": {
      "paid": 0,
      "remaining": 0
    },
    "createdBy": "68f45009776b9303ef181e63",
    "lawyer": "68f45009776b9303ef181e63",
    "approvalStatus": "pending",
    "expenses": 799.78,
    "images": [],
    "createdAt": "2025-10-20T10:34:44.059Z",
    "updatedAt": "2025-10-20T10:34:44.059Z",
    "__v": 0
  },
  {
    "_id": "68f6113612cebf28d5eba77c",
    "caseNumber": "98765434",
    "year": 2023,
    "caseType": "أسرة كلي",
    "jurisdiction": "النيابة",
    "clientName": "طه خالد",
    "opponentName": "محمد شكري",
    "previousSession": "2025-10-12T21:00:00.000Z",
    "currentSession": "2025-09-26T21:00:00.000Z",
    "postponedTo": "2025-10-20T21:00:00.000Z",
    "sessionDate": "2025-10-25T21:00:00.000Z",
    "decision": "رفض الدعوى",
    "request": "أوهموا ضحاياهم أنها قطع أصلية.. ضبط عصابة آثار مقلدة في مصر. مصر منذ ساعة · \"تحايل قانوني وشبهة تزوير\".. قضية \"شمس الزناتي\" تشتعل. ثقافة وفن منذ ساعتين.",
    "notes": "أوهموا ضحاياهم أنها قطع أصلية.. ضبط عصابة آثار مقلدة في مصر. مصر منذ ساعة · \"تحايل قانوني وشبهة تزوير\".. قضية \"شمس الزناتي\" تشتعل. ثقافة وفن منذ ساعتين.أوهموا ضحاياهم أنها قطع أصلية.. ضبط عصابة آثار مقلدة في مصر. مصر منذ ساعة · \"تحايل قانوني وشبهة تزوير\".. قضية \"شمس الزناتي\" تشتعل. ثقافة وفن منذ ساعتين.",
    "admin": "محمد احدمد",
    "fees": {
      "paid": 0,
      "remaining": 0
    },
    "createdBy": "68f45009776b9303ef181e63",
    "lawyer": "68f45009776b9303ef181e63",
    "approvalStatus": "approved",
    "expenses": 3000,
    "images": [
      {
        "url": "https://res.cloudinary.com/dy6zpyc6w/image/upload/v1760956725/law-cases/bt4ungujqdgydwpebpei.png",
        "public_id": "law-cases/bt4ungujqdgydwpebpei",
        "_id": "68f6113612cebf28d5eba77d"
      }
    ],
    "createdAt": "2025-10-20T10:38:46.759Z",
    "updatedAt": "2025-10-20T12:04:40.002Z",
    "__v": 0
  },
  {
    "_id": "68f6129a12cebf28d5eba782",
    "caseNumber": "2432342",
    "year": 2025,
    "caseType": "جنايات",
    "jurisdiction": "المحكمة",
    "clientName": "محمود يوسف",
    "opponentName": "م/ عبدالرحمن احمد",
    "previousSession": "2025-10-13T21:00:00.000Z",
    "currentSession": "2025-10-18T21:00:00.000Z",
    "postponedTo": "2025-10-06T21:00:00.000Z",
    "sessionDate": "2025-10-18T21:00:00.000Z",
    "decision": "حكم حضوري",
    "request": "أوهموا ضحاياهم أنها قطع أصلية.. ضبط عصابة آثار مقلدة في مصر. مصر منذ ساعة · \"تحايل قانوني وشبهة تزوير\".. قضية \"شمس الزناتي\" تشتعل. ثقافة وفن منذ ساعتين.",
    "notes": "أوهموا ضحاياهم أنها قطع أصلية.. ضبط عصابة آثار مقلدة في مصر. مصر منذ ساعة · \"تحايل قانوني وشبهة تزوير\".. قضية \"شمس الزناتي\" تشتعل. ثقافة وفن منذ ساعتين.",
    "admin": "محمد احدمد",
    "fees": {
      "paid": 0,
      "remaining": 0
    },
    "createdBy": "68f45009776b9303ef181e63",
    "lawyer": "68f45009776b9303ef181e63",
    "approvalStatus": "pending",
    "expenses": 2999.96,
    "images": [
      {
        "url": "https://res.cloudinary.com/dy6zpyc6w/image/upload/v1760957082/law-cases/jwvmczt9nknbhpg0r0gy.png",
        "public_id": "law-cases/jwvmczt9nknbhpg0r0gy",
        "_id": "68f6129a12cebf28d5eba783"
      }
    ],
    "createdAt": "2025-10-20T10:44:42.916Z",
    "updatedAt": "2025-10-20T10:44:42.916Z",
    "__v": 0
  },
  {
    "_id": "68f619a11bf8e26d386dface",
    "caseNumber": "2393933933",
    "year": 2020,
    "caseType": "جنح س",
    "jurisdiction": "المحكمة",
    "clientName": "محمود يوسف",
    "opponentName": "م/ عبدالرحمن احمد",
    "previousSession": "2025-10-20T21:00:00.000Z",
    "currentSession": "2025-10-19T21:00:00.000Z",
    "postponedTo": "2025-10-22T21:00:00.000Z",
    "sessionDate": "2025-10-27T21:00:00.000Z",
    "decision": "رفض الدعوى",
    "request": "أوهموا ضحاياهم أنها قطع أصلية.. ضبط عصابة آثار مقلدة في مصر. مصر منذ ساعة · \"تحايل قانوني وشبهة تزوير\".. قضية \"شمس الزناتي\" تشتعل. ثقافة وفن منذ ساعتين.",
    "notes": "أوهموا ضحاياهم أنها قطع أصلية.. ضبط عصابة آثار مقلدة في مصر. مصر منذ ساعة · \"تحايل قانوني وشبهة تزوير\".. قضية \"شمس الزناتي\" تشتعل. ثقافة وفن منذ ساعتين.",
    "admin": "محمد احدمد",
    "fees": {
      "paid": 0,
      "remaining": 0
    },
    "createdBy": "68f45009776b9303ef181e63",
    "approvalStatus": "approved",
    "expenses": 300,
    "images": [
      {
        "url": "https://res.cloudinary.com/dy6zpyc6w/image/upload/v1760958881/law-cases/xboegpdfflhqayrdim0a.png",
        "public_id": "law-cases/xboegpdfflhqayrdim0a",
        "_id": "68f619a11bf8e26d386dfacf"
      }
    ],
    "createdAt": "2025-10-20T11:14:41.908Z",
    "updatedAt": "2025-10-20T12:06:10.843Z",
    "__v": 0
  },
  {
    "_id": "68f6204722dada213ca94c92",
    "caseNumber": "243223",
    "year": 2023,
    "caseType": "جنح",
    "jurisdiction": "المحكمة",
    "clientName": "محمود يوسف",
    "opponentName": "محمد علي",
    "previousSession": "2025-10-27T21:00:00.000Z",
    "currentSession": "2025-10-20T21:00:00.000Z",
    "postponedTo": "2025-10-13T21:00:00.000Z",
    "sessionDate": "2025-10-26T21:00:00.000Z",
    "decision": "سحب الدعوى",
    "request": " أنها قطع أصلية.. ضبط عصابة آثار مقلدة في مصر. مصر منذ ساعة · \"تحايل قانوني وشبهة تزوير\".. قضية \"شمس الزناتي\" تشتعل. ثقافة وفن منذ ساعتين.",
    "notes": "أنها قطع أصلية.. ضبط عصابة آثار مقلدة في مصر. مصر منذ ساعة · \"تحايل قانوني وشبهة تزوير\".. قضية \"شمس الزناتي\" تشتعل. ثقافة وفن منذ ساعتين.",
    "admin": "عمر اشرف",
    "fees": {
      "paid": 0,
      "remaining": 0
    },
    "createdBy": "68f32d90f02cdf732171f6c7",
    "approvalStatus": "approved",
    "expenses": 200,
    "images": [
      {
        "url": "https://res.cloudinary.com/dy6zpyc6w/image/upload/v1760960582/law-cases/jq9qckbhgqe6olpkebhd.png",
        "public_id": "law-cases/jq9qckbhgqe6olpkebhd",
        "_id": "68f6204722dada213ca94c93"
      }
    ],
    "createdAt": "2025-10-20T11:43:03.359Z",
    "updatedAt": "2025-10-20T11:43:03.359Z",
    "__v": 0
  },
  {
    "_id": "68f62fae2cf6510755a4cfeb",
    "caseNumber": "76326372",
    "year": 2025,
    "caseType": "أسرة كلي",
    "jurisdiction": "النيابة",
    "clientName": "محمود يوسف",
    "opponentName": "محمد",
    "previousSession": "2025-10-13T21:00:00.000Z",
    "currentSession": "2025-10-20T21:00:00.000Z",
    "postponedTo": "2025-10-20T21:00:00.000Z",
    "sessionDate": "2025-10-20T21:00:00.000Z",
    "decision": "رفض الدعوى",
    "request": ". ضبط عصابة آثار مقلدة في مصر. مصر منذ ساعة · \"تحايل قانوني وشبهة تزوير\".. قضية \"شمس الزناتي\" تشتعل. ثقافة وفن منذ ساعتين.",
    "notes": ". ضبط عصابة آثار مقلدة في مصر. مصر منذ ساعة · \"تحايل قانوني وشبهة تزوير\".. قضية \"شمس الزناتي\" تشتعل. ثقافة وفن منذ ساعتين.",
    "admin": "محمد احدمد",
    "fees": {
      "paid": 0,
      "remaining": 0
    },
    "createdBy": "68f32d90f02cdf732171f6c7",
    "approvalStatus": "approved",
    "expenses": 20000,
    "images": [
      {
        "url": "https://res.cloudinary.com/dy6zpyc6w/image/upload/v1760964525/law-cases/wwcrp1kmhl2qpcrgmpih.png",
        "public_id": "law-cases/wwcrp1kmhl2qpcrgmpih",
        "_id": "68f62fae2cf6510755a4cfec"
      }
    ],
    "createdAt": "2025-10-20T12:48:46.221Z",
    "updatedAt": "2025-10-20T12:48:46.221Z",
    "__v": 0
  },
  {
    "_id": "68f64189de0ff361bf138a70",
    "caseNumber": "267322323",
    "year": 2023,
    "caseType": "جنح س",
    "jurisdiction": "النيابة",
    "clientName": "محمود يوسف",
    "opponentName": "م/ عبدالرحمن احمد",
    "previousSession": "2025-10-05T21:00:00.000Z",
    "currentSession": "2025-10-19T21:00:00.000Z",
    "postponedTo": "2025-10-15T21:00:00.000Z",
    "sessionDate": "2025-10-27T21:00:00.000Z",
    "decision": "التحكيم",
    "request": "رامب: وقف إطلاق النار في غزة ما زال قائما · إسرائيل.. إصابات خلال احتجاجات \"الحريديم\" بشأن التجنيد · الضوء الأخضر الأميركي لعزل حماس.. غزة بين ...",
    "notes": "رامب: وقف إطلاق النار في غزة ما زال قائما · إسرائيل.. إصابات خلال احتجاجات \"الحريديم\" بشأن التجنيد · الضوء الأخضر الأميركي لعزل حماس.. غزة بين ...",
    "admin": "عمر اشرف",
    "fees": {
      "paid": 0,
      "remaining": 0
    },
    "createdBy": "68f32d90f02cdf732171f6c7",
    "approvalStatus": "approved",
    "expenses": 2000,
    "images": [
      {
        "url": "https://res.cloudinary.com/dy6zpyc6w/image/upload/v1760969092/law-cases/hkqhbmyesjblf9fbbm9a.png",
        "public_id": "law-cases/hkqhbmyesjblf9fbbm9a",
        "_id": "68f64189de0ff361bf138a71"
      }
    ],
    "createdAt": "2025-10-20T14:04:57.619Z",
    "updatedAt": "2025-10-20T14:04:57.619Z",
    "__v": 0
  },
  {
    "_id": "68f6430ede0ff361bf138b1c",
    "caseNumber": "45678987654",
    "year": 2022,
    "caseType": "جنح",
    "jurisdiction": "المحكمة",
    "clientName": "محمود يوسف",
    "opponentName": "م/ عبدالرحمن احمد",
    "previousSession": "2025-10-13T21:00:00.000Z",
    "currentSession": "2025-10-25T21:00:00.000Z",
    "postponedTo": "2025-10-18T21:00:00.000Z",
    "sessionDate": "2025-10-04T21:00:00.000Z",
    "decision": "رفض الدعوى",
    "request": "رامب: وقف إطلاق النار في غزة ما زال قائما · إسرائيل.. إصابات خلال احتجاجات \"الحريديم\" بشأن التجنيد · الضوء الأخضر الأميركي لعزل حماس.. غزة بين ...",
    "notes": "رامب: وقف إطلاق النار في غزة ما زال قائما · إسرائيل.. إصابات خلال احتجاجات \"الحريديم\" بشأن التجنيد · الضوء الأخضر الأميركي لعزل حماس.. غزة بين ...",
    "admin": "محمد احدمد",
    "fees": {
      "paid": 0,
      "remaining": 0
    },
    "createdBy": "68f32d90f02cdf732171f6c7",
    "approvalStatus": "approved",
    "expenses": 800,
    "images": [],
    "createdAt": "2025-10-20T14:11:26.886Z",
    "updatedAt": "2025-10-20T14:11:26.886Z",
    "__v": 0
  },
  {
    "_id": "68f6457bd6d2bdcd7d09d3ab",
    "caseNumber": "3223323223",
    "year": 2020,
    "caseType": "مدني ج",
    "jurisdiction": "المحكمة",
    "clientName": "محمود يوسف",
    "opponentName": "م/ عبدالرحمن احمد",
    "previousSession": "2025-09-28T21:00:00.000Z",
    "currentSession": "2025-10-03T21:00:00.000Z",
    "postponedTo": "2025-10-26T21:00:00.000Z",
    "sessionDate": "2025-10-22T21:00:00.000Z",
    "decision": "التحكيم",
    "request": "رامب: وقف إطلاق النار في غزة ما زال قائما · إسرائيل.. إصابات خلال احتجاجات \"الحريديم\" بشأن التجنيد · الضوء الأخضر الأميركي لعزل حماس.. غزة بين ...",
    "notes": "رامب: وقف إطلاق النار في غزة ما زال قائما · إسرائيل.. إصابات خلال احتجاجات \"الحريديم\" بشأن التجنيد · الضوء الأخضر الأميركي لعزل حماس.. غزة بين ...",
    "admin": "محمد احدمد",
    "fees": {
      "paid": 0,
      "remaining": 0
    },
    "createdBy": "68f32d90f02cdf732171f6c7",
    "approvalStatus": "approved",
    "expenses": 3000,
    "images": [
      {
        "url": "https://res.cloudinary.com/dy6zpyc6w/image/upload/v1760970102/law-cases/c5llcuathzvwv5zxwaeo.png",
        "public_id": "law-cases/c5llcuathzvwv5zxwaeo",
        "_id": "68f6457bd6d2bdcd7d09d3ac"
      }
    ],
    "createdAt": "2025-10-20T14:21:47.923Z",
    "updatedAt": "2025-10-20T14:21:47.923Z",
    "__v": 0
  },
  {
    "_id": "68f64b049b7b0157207ab74a",
    "caseNumber": "200202933",
    "year": 2025,
    "caseType": "جنح س",
    "jurisdiction": "النيابة",
    "clientName": "محمود يوسف",
    "opponentName": "م/ عبدالرحمن احمد",
    "previousSession": "2025-10-25T21:00:00.000Z",
    "currentSession": "2025-10-24T21:00:00.000Z",
    "postponedTo": "2025-10-25T21:00:00.000Z",
    "sessionDate": "2025-10-25T21:00:00.000Z",
    "decision": "تأجيل",
    "request": "رامب: وقف إطلاق النار في غزة ما زال قائما · إسرائيل.. إصابات خلال احتجاجات \"الحريديم\" بشأن التجنيد · الضوء الأخضر الأميركي لعزل حماس.. غزة بين ...",
    "notes": "رامب: وقف إطلاق النار في غزة ما زال قائما · إسرائيل.. إصابات خلال احتجاجات \"الحريديم\" بشأن التجنيد · الضوء الأخضر الأميركي لعزل حماس.. غزة بين ...رامب: وقف إطلاق النار في غزة ما زال قائما · إسرائيل.. إصابات خلال احتجاجات \"الحريديم\" بشأن التجنيد · الضوء الأخضر الأميركي لعزل حماس.. غزة بين ...",
    "admin": "محمد احدمد",
    "createdBy": "68f32d90f02cdf732171f6c7",
    "approvalStatus": "approved",
    "expenses": 3000,
    "images": [
      {
        "url": "https://res.cloudinary.com/dy6zpyc6w/image/upload/v1760971519/law-cases/t6origysg60zjmise0cd.png",
        "public_id": "law-cases/t6origysg60zjmise0cd",
        "_id": "68f64b049b7b0157207ab74b"
      }
    ],
    "createdAt": "2025-10-20T14:45:24.741Z",
    "updatedAt": "2025-10-20T14:45:24.741Z",
    "__v": 0
  },
  {
    "_id": "68f64c8e3f883c8bc5067747",
    "caseNumber": "2393933933",
    "year": 2025,
    "caseType": "مدني ج",
    "jurisdiction": "المحكمة",
    "clientName": "محمود يوسف",
    "opponentName": "م/ عبدالرحمن احمد",
    "previousSession": "2025-10-13T21:00:00.000Z",
    "currentSession": "2025-10-20T21:00:00.000Z",
    "postponedTo": "2025-10-23T21:00:00.000Z",
    "sessionDate": "2025-09-28T21:00:00.000Z",
    "decision": "حكم غيابي",
    "notes": "",
    "admin": "",
    "paid": 2000,
    "remaining": 3000,
    "createdBy": "68f32d90f02cdf732171f6c7",
    "approvalStatus": "approved",
    "expenses": 3000.02,
    "images": [],
    "createdAt": "2025-10-20T14:51:58.467Z",
    "updatedAt": "2025-10-20T14:51:58.467Z",
    "__v": 0
  }
]